{"schema":6,"addons":[{"id":"langpack-en-US@firefox.mozilla.org","icons":{"32":"https://addons.mozilla.org/static-server/img/addon-icons/default-32.2b26add4b394.png","64":"https://addons.mozilla.org/static-server/img/addon-icons/default-64.d144b50f2bb8.png","128":"https://addons.mozilla.org/static-server/img/addon-icons/default-128.452018499894.png"},"name":"English (US) Language Pack","version":"108.0buildid20221208.122842","sourceURI":"https://addons.mozilla.org/firefox/downloads/file/4040995/english_us_language_pack-108.0buildid20221208.122842.xpi","homepageURL":null,"supportURL":null,"description":"The en-US language pack for Firefox.","fullDescription":null,"weeklyDownloads":1543,"type":"locale","creator":{"name":"Mozilla Firefox","url":"https://addons.mozilla.org/sk/firefox/user/4757633/"},"developers":[],"screenshots":[{"url":"https://addons.mozilla.org/user-media/previews/full/82/82158.png?modified=1622132348","width":656,"height":525,"thumbnailURL":"https://addons.mozilla.org/user-media/previews/thumbs/82/82158.jpg?modified=1622132348","thumbnailWidth":500,"thumbnailHeight":400}],"contributionURL":"","averageRating":4.1754,"reviewCount":116,"reviewURL":"https://addons.mozilla.org/sk/firefox/addon/english-us-language-pack/reviews/","updateDate":1670516788000},{"id":"uBlock0@raymondhill.net","icons":{"32":"https://addons.mozilla.org/user-media/addon_icons/607/607454-32.png?modified=mcrushed","64":"https://addons.mozilla.org/user-media/addon_icons/607/607454-64.png?modified=mcrushed","128":"https://addons.mozilla.org/user-media/addon_icons/607/607454-128.png?modified=mcrushed"},"name":"uBlock Origin","version":"1.45.2","sourceURI":"https://addons.mozilla.org/firefox/downloads/file/4028976/ublock_origin-1.45.2.xpi","homepageURL":"https://github.com/gorhill/uBlock#ublock-origin","supportURL":"https://old.reddit.com/r/uBlockOrigin/","description":"Konečne efektívny blokovač, ktorý nezaťažuje CPU a pamäť.","fullDescription":"Účinný blokovač: nezaťažuje CPU a pamäť a dokáže načítať a vynútiť o niekoľko tisíc filtrov viac ako iné populárne blokovače.\n\nIlustrovaný prehľad o jeho účinnosti: https://github.com/gorhill/uBlock/wiki/uBlock-vs.-ABP:-efficiency-compared\n\nPoužitie: Veľký vypínač vo vyskakovacom okne natrvalo zakáže/povolí uBlock pre aktuálnu webovú stránku. Vzťahuje sa len na aktuálnu webovú stránku, nie na všeobecný vypínač.\n\n***\n\nFlexibilný, je viac než len \"blokovač reklám\": dokáže tiež načítať a vytvárať filtre z hosts súborov.\n\nTieto zoznamy filtrov sú predvolene načítané a vynútené:\n\n- EasyList\n- Zoznam reklamných serverov od Petra Lowesa\n- EasyPrivacy\n- Domény malvéru\n\nĎalšie zoznamy sú k dispozícii pre vás na výber, ak si prajete:\n\n- Rozšírený stopovací zoznam od Fanboya\n- Hosts súbor od Dana Pollocka\n- Reklamné a stopovacie servery od hpHosts\n- MVPS HOSTS\n- Spam404\n- A mnoho ďalších\n\nSamozrejme, čím viac povolených filtrov, tým vyššie nároky na pamäť. Aj po pridaní dvoch ďalších zoznamov od Fanboya, reklamných a stopovacích serverov od hpHost má uBlock stále menšie nároky na pamäť ako mnohé ďalšie veľmi populárne blockovače.\n\nĎalej majte na pamäti, že výber viacerých filtrov zvyšuje šancu chybného zobrazenie webov - predovšetkým u zoznamov, ktoré sa normálne používajú ako hosts súbory.\n\n***\n\nBez predvolených zoznamov filtrov by bolo toto rozšírenie k ničomu. Ak teda naozaj budete chcieť niečím prispieť, myslite na ľudí, ktorí spravujú vami používané zoznamy filtrov a uvoľňujú ich pre všetkých zadarmo.\n\n***\n\nBezplatný.\nOtvorený zdrojový kód s verejnou licenciou (GPLv3)\nPre používateľov od používateľov.\n\nPrispievatelia @ Github: https://github.com/gorhill/uBlock/graphs/contributors\nPrispievatelia @ Crowdin: https://crowdin.net/project/ublock\n\n***\n\nIde o pomerne skorú verziu, majte to na pamäti pri recenzovaní.\n\nZoznam zmien projektu:\nhttps://github.com/gorhill/uBlock/releases","weeklyDownloads":156620,"type":"extension","creator":{"name":"Raymond Hill","url":"https://addons.mozilla.org/sk/firefox/user/11423598/"},"developers":[],"screenshots":[{"url":"https://addons.mozilla.org/user-media/previews/full/238/238546.png?modified=1622132421","width":1011,"height":758,"thumbnailURL":"https://addons.mozilla.org/user-media/previews/thumbs/238/238546.jpg?modified=1622132421","thumbnailWidth":533,"thumbnailHeight":400,"caption":"The popup panel: default mode"},{"url":"https://addons.mozilla.org/user-media/previews/full/238/238548.png?modified=1622132423","width":1011,"height":758,"thumbnailURL":"https://addons.mozilla.org/user-media/previews/thumbs/238/238548.jpg?modified=1622132423","thumbnailWidth":533,"thumbnailHeight":400,"caption":"The dashboard: stock filter lists"},{"url":"https://addons.mozilla.org/user-media/previews/full/238/238547.png?modified=1622132425","width":1011,"height":758,"thumbnailURL":"https://addons.mozilla.org/user-media/previews/thumbs/238/238547.jpg?modified=1622132425","thumbnailWidth":533,"thumbnailHeight":400,"caption":"The popup panel: default-deny mode"},{"url":"https://addons.mozilla.org/user-media/previews/full/238/238549.png?modified=1622132426","width":1011,"height":758,"thumbnailURL":"https://addons.mozilla.org/user-media/previews/thumbs/238/238549.jpg?modified=1622132426","thumbnailWidth":533,"thumbnailHeight":400,"caption":"The dashboard: settings"},{"url":"https://addons.mozilla.org/user-media/previews/full/238/238552.png?modified=1622132430","width":970,"height":1800,"thumbnailURL":"https://addons.mozilla.org/user-media/previews/thumbs/238/238552.jpg?modified=1622132430","thumbnailWidth":216,"thumbnailHeight":400,"caption":"The popup panel in Firefox Preview: default mode with more blocking options revealed"},{"url":"https://addons.mozilla.org/user-media/previews/full/230/230370.png?modified=1622132432","width":800,"height":600,"thumbnailURL":"https://addons.mozilla.org/user-media/previews/thumbs/230/230370.jpg?modified=1622132432","thumbnailWidth":533,"thumbnailHeight":400,"caption":"The unified logger tells you all that uBO is seeing and doing"}],"contributionURL":"","averageRating":4.7782,"reviewCount":3847,"reviewURL":"https://addons.mozilla.org/sk/firefox/addon/ublock-origin/reviews/","updateDate":1670690124000},{"id":"{5eae7880-dab2-4337-bc53-e4b58db7aec4}","icons":{"32":"https://addons.mozilla.org/static-server/img/addon-icons/default-32.2b26add4b394.png","64":"https://addons.mozilla.org/static-server/img/addon-icons/default-64.d144b50f2bb8.png","128":"https://addons.mozilla.org/static-server/img/addon-icons/default-128.452018499894.png"},"name":"Space Galaxy","version":"8.0","sourceURI":"https://addons.mozilla.org/firefox/downloads/file/3985309/galaxytheme_proton-8.0.xpi","homepageURL":null,"supportURL":null,"description":"A Galaxy Theme for the one and only best Browser ever: Firefox\nFeel the galaxy in your blood while browsing!","fullDescription":"A simple theme. A good theme. A cool theme. The best theme. A galaxy theme.","weeklyDownloads":27395,"type":"theme","creator":{"name":"Stier Muh Muh","url":"https://addons.mozilla.org/sk/firefox/user/15724225/"},"developers":[],"screenshots":[{"url":"https://addons.mozilla.org/user-media/version-previews/full/3907/3907958.png?modified=1659727293","width":680,"height":92,"thumbnailURL":"https://addons.mozilla.org/user-media/version-previews/thumbs/3907/3907958.png?modified=1659727293","thumbnailWidth":473,"thumbnailHeight":64},{"url":"https://addons.mozilla.org/user-media/version-previews/full/3907/3907959.svg?modified=1659727293","width":720,"height":92,"thumbnailURL":"https://addons.mozilla.org/user-media/version-previews/thumbs/3907/3907959.jpg?modified=1659727293","thumbnailWidth":720,"thumbnailHeight":92}],"contributionURL":"","averageRating":4.7917,"reviewCount":1,"reviewURL":"https://addons.mozilla.org/sk/firefox/addon/galaxytheme_proton/reviews/","updateDate":1659729152000}]}