{"task-continuity-sync-after-tab-change-rollout-40":{"slug":"task-continuity-sync-after-tab-change-rollout-40","branch":{"slug":"sync-after-tab","ratio":1,"feature":{"value":{},"enabled":false,"featureId":"this-is-included-for-desktop-pre-95-support"},"features":[{"value":{"syncDelayAfterTabChange":5000},"enabled":true,"featureId":"syncAfterTabChange"}]},"active":true,"enrollmentId":"8e17de1b-b43a-46e0-90e4-42471da95997","experimentType":"nimbus","source":"rs-loader","userFacingName":"Task Continuity - Sync after tab change Rollout 40%","userFacingDescription":"Increase frequency of syncing after tab changes","lastSeen":"2022-12-11T09:28:13.260Z","featureIds":["syncAfterTabChange"],"prefs":[],"isRollout":false}}