{"formautofill@mozilla.org":{"permissions":["internal:svgContextPropertiesAllowed"],"origins":[]},"pictureinpicture@mozilla.org":{"permissions":["internal:svgContextPropertiesAllowed"],"origins":[]},"screenshots@mozilla.org":{"permissions":["internal:svgContextPropertiesAllowed"],"origins":[]},"webcompat@mozilla.org":{"permissions":["internal:svgContextPropertiesAllowed"],"origins":[]},"default-theme@mozilla.org":{"permissions":["internal:svgContextPropertiesAllowed"],"origins":[]},"addons-search-detection@mozilla.com":{"permissions":["internal:svgContextPropertiesAllowed"],"origins":[]},"google@search.mozilla.org":{"permissions":["internal:svgContextPropertiesAllowed"],"origins":[]},"wikipedia@search.mozilla.org":{"permissions":["internal:svgContextPropertiesAllowed"],"origins":[]},"ddg@search.mozilla.org":{"permissions":["internal:svgContextPropertiesAllowed"],"origins":[]},"dreamer-balanced-colorway@mozilla.org":{"permissions":["internal:privateBrowsingAllowed"],"origins":[]},"activist-balanced-colorway@mozilla.org":{"permissions":["internal:privateBrowsingAllowed"],"origins":[]},"visionary-balanced-colorway@mozilla.org":{"permissions":["internal:privateBrowsingAllowed"],"origins":[]},"expressionist-balanced-colorway@mozilla.org":{"permissions":["internal:privateBrowsingAllowed"],"origins":[]},"innovator-balanced-colorway@mozilla.org":{"permissions":["internal:privateBrowsingAllowed"],"origins":[]},"innovator-soft-colorway@mozilla.org":{"permissions":["internal:privateBrowsingAllowed"],"origins":[]},"dreamer-soft-colorway@mozilla.org":{"permissions":["internal:privateBrowsingAllowed"],"origins":[]},"activist-soft-colorway@mozilla.org":{"permissions":["internal:privateBrowsingAllowed"],"origins":[]},"visionary-soft-colorway@mozilla.org":{"permissions":["internal:privateBrowsingAllowed"],"origins":[]},"expressionist-soft-colorway@mozilla.org":{"permissions":["internal:privateBrowsingAllowed"],"origins":[]},"playmaker-soft-colorway@mozilla.org":{"permissions":["internal:privateBrowsingAllowed"],"origins":[]},"innovator-bold-colorway@mozilla.org":{"permissions":["internal:privateBrowsingAllowed"],"origins":[]},"uBlock0@raymondhill.net":{"permissions":["internal:privateBrowsingAllowed"],"origins":[]},"firefox-compact-light@mozilla.org":{"permissions":["internal:privateBrowsingAllowed"],"origins":[]},"playmaker-balanced-colorway@mozilla.org":{"permissions":["internal:privateBrowsingAllowed"],"origins":[]}}