{"environment":{"locale":"sk","localeLanguageCode":"sk","browserSettings":{"update":{"channel":"release","enabled":true,"autoDownload":true,"background":true}},"attributionData":{},"currentDate":"2022-12-11T09:38:54.988Z","profileAgeCreated":1670750891738,"usesFirefoxSync":false,"isFxAEnabled":true,"sync":{"desktopDevices":0,"mobileDevices":0,"totalDevices":0},"xpinstallEnabled":true,"addonsInfo":{"addons":{"formautofill@mozilla.org":{"version":"1.0.1","type":"extension","isSystem":true,"isWebExtension":true,"name":"Form Autofill","userDisabled":false,"installDate":"2022-11-28T17:04:53.000Z"},"pictureinpicture@mozilla.org":{"version":"1.0.0","type":"extension","isSystem":true,"isWebExtension":true,"name":"Picture-In-Picture","userDisabled":false,"installDate":"2022-11-28T17:04:53.000Z"},"screenshots@mozilla.org":{"version":"39.0.1","type":"extension","isSystem":true,"isWebExtension":true,"name":"Firefox Screenshots","userDisabled":false,"installDate":"2022-11-28T17:04:53.000Z"},"webcompat@mozilla.org":{"version":"107.1.0","type":"extension","isSystem":true,"isWebExtension":true,"name":"Web Compatibility Interventions","userDisabled":false,"installDate":"2022-11-28T17:04:53.000Z"},"addons-search-detection@mozilla.com":{"version":"2.0.0","type":"extension","isSystem":false,"isWebExtension":true,"name":"Add-ons Search Detection","userDisabled":false,"installDate":"2022-12-11T09:28:12.593Z"},"google@search.mozilla.org":{"version":"1.2","type":"extension","isSystem":false,"isWebExtension":true,"name":"Google","userDisabled":false,"installDate":"2022-12-11T09:28:12.846Z"},"wikipedia@search.mozilla.org":{"version":"1.1","type":"extension","isSystem":false,"isWebExtension":true,"name":"Wikipédia (sk)","userDisabled":false,"installDate":"2022-12-11T09:28:12.928Z"},"ddg@search.mozilla.org":{"version":"1.1","type":"extension","isSystem":false,"isWebExtension":true,"name":"DuckDuckGo","userDisabled":false,"installDate":"2022-12-11T09:28:12.962Z"},"uBlock0@raymondhill.net":{"version":"1.45.2","type":"extension","isSystem":false,"isWebExtension":true,"name":"uBlock Origin","userDisabled":false,"installDate":"2022-12-11T09:30:43.785Z"}},"isFullData":true},"searchEngines":{"current":"google-b-d","installed":["google-b-d","ddg","wikipedia-sk"]},"isDefaultBrowser":false,"devToolsOpenedCount":0,"topFrecentSites":[{"url":"https://www.youtube.com/","host":"www.youtube.com","frecency":2000,"lastVisitDate":1670751500698},{"url":"https://www.reddit.com/","host":"www.reddit.com","frecency":2000,"lastVisitDate":1670751468306},{"url":"https://addons.mozilla.org/sk/firefox/themes/category/abstract/","host":"addons.mozilla.org","frecency":100,"lastVisitDate":1670751170886},{"url":"https://google.com","host":"google.com","frecency":100,"lastVisitDate":1670751036596},{"url":"https://accounts.firefox.com/?context=fx_desktop_v3&entrypoint=fx-view&action=email&service=sync","host":"accounts.firefox.com","frecency":100,"lastVisitDate":1670750949497},{"url":"https://www.mozilla.org/cs/privacy/firefox/","host":"www.mozilla.org","frecency":100,"lastVisitDate":1670750893042}],"recentBookmarks":[],"pinnedSites":[],"providerCohorts":{"onboarding":"","cfr":"","message-groups":"","messaging-experiments":"","snippets":"","whats-new-panel":""},"totalBookmarksCount":4,"firefoxVersion":107,"region":"SK","needsUpdate":false,"hasPinnedTabs":false,"hasAccessedFxAPanel":false,"isWhatsNewPanelEnabled":true,"userPrefs":{"cfrFeatures":true,"cfrAddons":true,"snippets":false},"totalBlockedCount":0,"blockedCountByType":{"trackerCount":0,"cookieCount":0,"cryptominerCount":0,"fingerprinterCount":0,"socialCount":0},"attachedFxAOAuthClients":[],"platformName":"win","isChinaRepack":false,"userId":"968c8a8d-4166-4a11-941f-cd339aea0369","profileRestartCount":0,"homePageSettings":{"isWebExt":false,"isCustomUrl":false,"urls":[{"url":"about:home","host":""}],"isDefault":true,"isLocked":false},"newtabSettings":{"isWebExt":false,"isCustomUrl":false,"isDefault":true,"url":"about:newtab","host":""},"isFissionExperimentEnabled":false,"activeNotifications":false,"isMajorUpgrade":false,"hasActiveEnterprisePolicies":false,"userMonthlyActivity":[[13,"2022-12-11"]],"doesAppNeedPin":false,"doesAppNeedPrivatePin":true,"isBackgroundTaskMode":false,"backgroundTaskName":null,"userPrefersReducedMotion":false,"colorwaysActive":true,"userEnabledActiveColorway":true,"inMr2022Holdback":false,"distributionId":""},"version":1}